store_id,sale_date,product_id,quantity,unit_price,discount
9,12-10-2025,133,3,219.95,141.63
3,21-09-2025,114,3,5007.68,438.38
3,21-08-2025,110,8,5898.02,204.32
8,05-10-2025,143,6,914.68,94.51
9,03-09-2025,131,4,4968.49,354.57
3,19-08-2025,115,1,2327.6,394.71
5,04-10-2025,107,5,3837.24,288.99
9,18-09-2025,123,7,3921.41,58.91
10,24-10-2025,136,4,3556.59,3.6
7,11-09-2025,124,8,1664.1,327.27
4,28-09-2025,108,5,4904.57,343.88
9,09-10-2025,149,6,277.53,157.95
4,15-08-2025,118,5,527.16,181.13
5,17-10-2025,137,10,5429.6,77.39
7,11-10-2025,115,10,2744.07,325.79
6,24-09-2025,128,1,903.43,126.82
8,29-10-2025,136,5,5444.71,427.49
9,09-10-2025,150,6,5001.73,211.78
8,06-11-2025,140,4,2089.57,182.82
2,18-10-2025,140,1,399.77,137.78
4,29-10-2025,144,2,2846.82,340.3
4,01-11-2025,142,8,1132.74,377.49
2,10-09-2025,136,5,3507.22,206.61
6,18-08-2025,102,3,4956.86,391.89
1,25-10-2025,139,7,2460.74,241.23
10,02-09-2025,143,9,322.47,185.11
9,17-09-2025,145,5,4146.8,277.46
4,09-10-2025,118,2,1160.92,126.89
10,05-09-2025,102,5,1406.09,153.33
4,30-08-2025,112,6,1244.83,172.18
1,12-08-2025,118,10,1787.15,352.75
2,26-10-2025,145,4,5318.03,367.89
1,03-11-2025,149,4,352.7,427.5
4,25-08-2025,120,3,3772.18,329.64
2,19-09-2025,122,8,1587.84,373.91
1,24-08-2025,123,3,1876.37,223.3
6,07-11-2025,101,8,2560.15,349.66
2,24-10-2025,112,10,3371.53,80.9
9,20-09-2025,110,6,506.73,107.23
4,28-09-2025,137,7,1786.69,200.28
5,03-11-2025,143,9,952.83,169.22
8,07-10-2025,126,8,1316.83,275.29
4,26-09-2025,105,9,5325.22,348.53
9,11-09-2025,110,4,3226.01,353.39
3,21-08-2025,148,4,3839.91,80.37
10,18-08-2025,141,10,4842.68,482.29
10,29-08-2025,102,2,4799.85,2.65
8,18-08-2025,106,9,5938.01,45.54
4,09-10-2025,148,8,4724.21,72.66
8,07-10-2025,134,9,2250.81,462.93
7,12-09-2025,114,6,3335.43,217.69
4,03-11-2025,125,2,2985.37,32.04
2,05-10-2025,127,10,5489.16,110.89
2,13-08-2025,130,2,3089,40.02
7,07-10-2025,122,1,2422.03,18.88
6,27-10-2025,111,9,1201.92,192.16
7,14-10-2025,124,9,2015.43,492.22
7,29-09-2025,120,4,1431.27,306.98
8,17-08-2025,147,10,5390.22,260.5
1,20-10-2025,121,9,4704.45,355.8
2,02-09-2025,150,3,492.76,298.74
1,30-08-2025,137,3,5950.46,472.86
7,18-09-2025,139,6,3247.18,410.11
6,31-08-2025,106,9,4636.03,320.15
2,26-08-2025,104,8,5997.69,219.49
4,05-11-2025,110,2,5847.78,100.85
4,08-11-2025,111,4,735.79,328.44
4,30-08-2025,149,10,3992.66,401.95
9,19-09-2025,140,8,1709.18,143
8,10-09-2025,104,2,4925.27,16.8
3,08-10-2025,144,9,5515.97,299.76
7,26-09-2025,106,8,477.07,257.91
3,13-08-2025,118,1,5978.89,115.84
5,29-09-2025,129,8,1433.56,84.74
8,17-10-2025,143,3,5102.05,18.03
4,08-10-2025,128,9,4814.74,119.63
2,01-09-2025,132,7,2225.61,0.14
8,02-09-2025,139,8,5059.45,78.72
9,30-09-2025,129,10,5094.54,498.41
2,19-09-2025,127,1,1180.19,389.84
1,15-09-2025,118,9,3616.24,176.56
9,19-08-2025,114,8,4866.33,197.57
1,15-08-2025,149,5,4231.12,293.04
2,04-10-2025,133,1,5496.78,258.87
4,04-09-2025,108,7,315.01,368.46
3,23-08-2025,123,5,4248.28,34.31
7,24-08-2025,128,1,5693.22,45.08
8,21-10-2025,108,4,3447.1,142.25
8,05-11-2025,119,10,3444.19,414.88
4,02-11-2025,144,2,1251.17,457.5
7,22-10-2025,144,1,5929.84,174.05
1,10-09-2025,138,7,5307.51,481.64
3,11-10-2025,132,6,3029.53,138.25
7,12-10-2025,134,2,1957.96,303.18
1,06-09-2025,143,9,3019.05,97.26
7,13-09-2025,120,1,678.01,464.86
5,27-09-2025,103,2,1510.85,287.45
8,19-09-2025,115,8,1430.03,130.55
5,06-11-2025,126,1,3229.72,203.57
7,19-09-2025,139,5,154,53.23
9,22-08-2025,104,7,5519.69,36.19
8,06-09-2025,101,3,1328.57,147.13
3,19-08-2025,114,3,913.36,473.51
4,14-08-2025,120,7,4344.09,401.47
5,03-09-2025,114,6,5524.87,478.35
4,23-09-2025,150,7,5089.06,438.06
1,24-08-2025,109,8,2042.99,406.57
10,11-10-2025,149,7,278.19,287.45
9,05-10-2025,117,7,3581.66,347.1
1,23-09-2025,119,2,5515.76,483.03
6,16-10-2025,121,9,4680.04,281.58
1,22-08-2025,108,3,5101.91,384.98
1,05-11-2025,101,6,5184.92,378.74
10,23-10-2025,132,2,5769.27,480.62
8,07-11-2025,148,3,2335.51,229.42
9,11-10-2025,128,9,5660.25,230.36
9,19-08-2025,112,7,2464.23,293.41
3,28-10-2025,109,9,741.04,13.68
1,02-09-2025,125,3,1915.33,58.13
9,15-08-2025,135,4,948.24,33.78
2,23-09-2025,146,1,1071.4,316.83
3,21-10-2025,115,1,5699.86,497.1
2,28-09-2025,133,5,4782.28,338.46
10,10-10-2025,136,8,5769.87,114.97
2,24-09-2025,143,9,3947.7,157.87
4,20-10-2025,123,7,1169.09,477.72
7,20-10-2025,105,9,5817.15,258.25
2,28-10-2025,126,7,4207.33,4.86
10,22-08-2025,148,4,5583.74,416.09
4,26-09-2025,103,4,4753.9,124.13
10,08-09-2025,128,8,1455.94,46.5
10,10-10-2025,102,6,3595.36,336.85
1,14-09-2025,130,3,1175.81,410.54
10,14-08-2025,105,5,1944.92,38.01
2,23-10-2025,121,4,4177.72,465.7
7,26-08-2025,137,2,894.99,238.28
10,25-09-2025,128,1,4413.66,176.77
10,22-10-2025,137,7,5700.41,447.16
9,09-11-2025,126,10,5699.88,134.54
6,19-10-2025,146,1,2440.87,473.56
5,31-08-2025,141,4,5966.56,341.55
4,13-08-2025,127,4,5796.33,454.96
6,07-10-2025,119,2,339.44,249.5
4,14-09-2025,108,2,3673.97,99.83
5,19-08-2025,126,10,5538.07,367.71
7,14-08-2025,102,1,5810.06,436.37
3,14-09-2025,121,8,1442.24,103.39
5,30-10-2025,111,10,3458.47,101.38
8,28-10-2025,140,1,5629.62,124.85
6,27-09-2025,130,4,972.76,309.3
2,30-10-2025,145,1,4510.26,78
1,08-10-2025,124,7,1542.28,53.34
8,25-10-2025,106,8,5896.92,460.09
10,27-10-2025,128,4,1132.14,337.91
10,15-10-2025,107,9,5329.12,331.71
2,19-09-2025,116,4,669.05,306.91
2,09-09-2025,128,1,4297.45,382.12
9,20-10-2025,138,3,3888.75,270.74
4,14-09-2025,126,9,5336.92,21.13
9,17-09-2025,134,5,2762.79,241.15
5,06-11-2025,106,4,1701.49,310.33
3,22-08-2025,126,10,1609.81,246.17
6,06-11-2025,120,6,546.6,492.68
2,26-09-2025,148,10,1651.45,448.5
4,29-09-2025,122,10,782,434.38
6,07-09-2025,115,6,157.49,245.4
5,09-10-2025,122,4,2407.73,492.2
3,29-10-2025,150,5,4435.62,458
8,13-08-2025,111,3,5819.25,140.13
9,05-11-2025,105,9,5324.63,111.05
5,31-08-2025,133,4,3034.53,288.33
10,04-10-2025,141,7,2365.47,27.07
9,18-09-2025,108,5,3344.24,399.63
1,18-09-2025,134,5,743.36,239.16
9,30-10-2025,133,1,2955.01,270.38
5,23-10-2025,113,9,5204.7,251.24
2,16-08-2025,150,10,3958.17,196.86
3,30-08-2025,123,3,4169.89,343.17
5,19-10-2025,123,7,1101.54,87.4
2,15-10-2025,147,9,581.2,488.25
2,03-11-2025,142,8,5097.71,349.12
9,02-09-2025,110,1,1875.22,230.04
3,09-11-2025,116,6,2014.49,344.61
5,06-09-2025,107,7,5717.22,5.91
5,04-10-2025,110,9,584.07,105.38
10,27-09-2025,117,6,1145.12,290.5
4,23-10-2025,113,7,2346.43,162.72
6,03-11-2025,112,7,4432.11,306.39
4,26-09-2025,139,3,3350.22,129.85
5,04-11-2025,110,5,5404.03,274.28
9,26-09-2025,149,7,694.66,118.57
8,12-09-2025,149,3,3625.08,235.67
5,23-09-2025,142,9,3739.82,306.54
1,27-09-2025,105,8,2974.01,182.96
2,21-08-2025,112,4,331.31,249.39
7,30-10-2025,150,4,5663.29,105.27
5,19-08-2025,141,5,1115.23,350.36
1,13-08-2025,132,3,5355.06,186.15
1,29-09-2025,130,8,1069.06,427.16
6,19-08-2025,149,1,742.36,139.81
3,14-10-2025,137,9,1352.47,89.94
5,16-10-2025,149,7,1261.41,65.57
3,03-11-2025,138,7,4228.6,287.95
8,19-08-2025,129,9,4373.92,114.28
9,02-11-2025,144,9,4420.35,49.93
7,21-10-2025,137,3,1701.8,134.97
9,25-10-2025,142,7,1796.91,117.9
1,21-08-2025,141,4,1539.66,216.11
2,19-10-2025,140,5,440.37,190.44
2,23-10-2025,121,4,3494.85,72.92
3,10-10-2025,141,6,5063.15,479.57
9,02-09-2025,121,2,1048.5,74.77
1,01-11-2025,110,8,2260.85,402.83
6,01-11-2025,129,6,2651.49,88.3
10,27-10-2025,105,2,1873.11,249.8
9,08-09-2025,131,9,4022.82,497.78
3,29-10-2025,129,4,3661.26,424.69
7,26-08-2025,141,1,1318.1,258.5
3,20-09-2025,120,5,300.55,360.28
1,14-08-2025,118,7,1149.37,392.67
5,19-09-2025,138,10,1857.1,150.02
6,06-11-2025,104,10,629.33,281.07
1,16-10-2025,123,1,5086.05,283.92
6,11-10-2025,133,2,1953.87,199.2
4,23-10-2025,105,4,2475.18,345.27
4,17-09-2025,120,10,3011.22,30.02
2,01-09-2025,130,9,4017.08,406.91
6,08-11-2025,129,4,683.15,238.27
9,01-11-2025,103,8,3333.14,314.93
7,05-11-2025,104,4,1231.56,224.93
10,02-09-2025,124,6,5330.13,167.33
3,15-08-2025,119,5,2311,180.48
4,29-08-2025,105,1,2757.79,280.18
3,06-09-2025,142,4,1690.28,465.92
3,31-10-2025,106,4,2870.59,128.86
7,12-09-2025,140,2,1473.52,9.92
1,27-10-2025,139,8,1721.09,60.62
3,28-10-2025,133,4,510.59,433.68
6,17-09-2025,125,10,4550.58,481.56
7,20-08-2025,130,4,4054.69,99.48
4,23-09-2025,138,7,651.39,287.95
5,08-11-2025,136,4,2161.18,324.57
3,17-09-2025,148,9,3317.48,87.27
2,15-09-2025,103,6,5828.63,390.15
7,31-10-2025,129,5,3599.9,177.55
1,06-10-2025,137,7,3388.57,336.6
8,31-08-2025,142,8,5068.66,243.75
4,16-09-2025,113,9,4937.67,368.26
4,20-08-2025,121,6,2599,444.82
8,12-09-2025,139,5,3282.76,190.54
6,18-10-2025,131,5,5221.33,143.26
5,31-10-2025,133,6,2927.72,315.86
4,18-08-2025,110,9,5307.68,72.42
4,01-09-2025,104,8,2936.13,83.79
1,16-10-2025,129,8,611.89,403.86
4,05-11-2025,107,2,5431.25,168.69
7,24-08-2025,122,8,4328.69,315.64
6,19-10-2025,146,6,3087.29,285.82
5,12-09-2025,106,4,5417.66,424.45
2,03-10-2025,133,6,4832.63,35.67
5,14-09-2025,142,6,4113.58,81
6,06-10-2025,112,7,3778.6,114.11
9,17-08-2025,103,1,853.65,158.44
7,23-08-2025,116,10,4579.55,145.68
9,30-09-2025,146,4,1161.34,133.74
6,25-10-2025,129,3,5908.55,322.32
1,15-10-2025,129,1,5837.16,135.62
2,12-09-2025,134,5,4879.5,222.45
5,19-09-2025,134,9,888.19,431.4
3,05-10-2025,140,10,2626.74,181.58
10,19-09-2025,111,10,5931.44,293.46
5,20-08-2025,124,7,2697.05,482.76
1,24-10-2025,124,5,5984.02,206.99
2,23-08-2025,119,3,3819.27,91.94
10,18-09-2025,125,4,5029.53,11.55
7,30-09-2025,127,6,1658.64,363.89
6,26-09-2025,150,4,5478.21,331.01
6,15-09-2025,122,7,5497.92,470.22
7,23-09-2025,144,10,542.02,350.35
10,12-08-2025,139,4,2420.38,40.03
9,05-10-2025,104,8,2474.53,83.46
2,29-09-2025,141,9,2057.84,51.5
7,06-10-2025,142,6,1765.77,31.9
10,16-10-2025,122,5,2830.22,439.35
4,21-09-2025,105,8,5259.78,274.22
5,03-09-2025,122,8,4751.32,13.18
1,23-09-2025,107,8,3794.89,198.51
7,20-09-2025,136,3,3206.99,382.5
1,17-08-2025,144,6,2604.62,41.63
9,10-09-2025,125,3,2574.49,131.23
9,20-10-2025,119,3,1016.97,77.64
4,12-08-2025,117,9,3589.41,327.42
6,26-10-2025,147,8,4586.51,442.74
7,21-08-2025,143,3,5646.95,154.69
2,01-10-2025,139,9,5560.83,123.7
6,06-11-2025,110,1,3441.7,142.09
10,27-09-2025,122,9,740.79,313.24
6,23-09-2025,106,1,1823.64,65.64
2,22-10-2025,138,2,3283.46,419.26
5,23-10-2025,143,1,2161.63,14.29
9,08-10-2025,110,1,2553.71,331.77
5,27-10-2025,123,7,2390.8,430.18
7,23-09-2025,120,3,2990.67,162.6
6,22-10-2025,142,4,3712.43,238.08
7,31-10-2025,145,2,369.17,487.49
5,09-10-2025,143,3,1761.17,270.29
9,17-10-2025,126,1,991.54,136.21
3,04-11-2025,109,4,3710.63,222.42
4,18-10-2025,139,9,4207.92,484.77
7,20-10-2025,146,8,376.88,348.81
7,04-09-2025,106,6,5354.01,88.52
3,01-10-2025,120,1,2089.24,298.79
10,12-08-2025,136,10,1539.84,315.52
10,23-10-2025,125,10,4512.64,317.93
5,08-11-2025,142,8,5536.88,281.99
7,03-10-2025,122,8,5397.63,261.73
9,16-09-2025,109,1,268.36,319.76
1,06-09-2025,143,1,4931.71,154.83
5,19-08-2025,145,9,1922.87,173.58
5,26-08-2025,148,9,1790.03,269.83
4,04-09-2025,144,7,3025.97,402.35
7,27-09-2025,134,1,4222.67,220.93
10,19-10-2025,106,1,724.57,182.89
10,26-08-2025,142,9,5233.07,129.9
6,04-09-2025,143,5,936.16,151.79
8,18-09-2025,128,9,5849.18,0.05
8,20-10-2025,133,5,2742.2,407.69
8,26-10-2025,124,1,4981.07,423.97
4,06-11-2025,102,9,1726.11,171.94
9,27-08-2025,124,7,2588.12,234.6
8,20-10-2025,120,3,3926.5,4.16
3,22-09-2025,112,2,1249.42,461.04
2,06-09-2025,114,2,1386.63,473.48
5,10-09-2025,122,9,4970.22,238.53
9,18-10-2025,150,3,4484.53,4.57
10,12-10-2025,132,4,4593.04,215.22
6,04-09-2025,113,4,5223.06,146.46
2,23-08-2025,115,10,4952.95,115.61
4,02-09-2025,109,9,3164.33,3.61
5,12-10-2025,110,5,1079.99,186.82
4,15-10-2025,105,6,1970.07,205.87
4,24-08-2025,119,5,3114.75,280.28
3,23-10-2025,107,7,943.55,197.38
1,29-10-2025,133,2,5130.08,81.63
1,23-10-2025,150,6,5294.1,368.56
4,30-09-2025,135,7,319.35,194.86
8,15-10-2025,148,8,1277.67,189.18
10,12-10-2025,134,10,5022.64,131.49
2,13-10-2025,103,4,5046.31,211.12
8,18-09-2025,143,4,1609.52,119.78
7,27-09-2025,122,5,2820.22,382.27
10,02-09-2025,150,2,5520.48,454.98
4,14-08-2025,140,1,4272.11,403.79
7,05-11-2025,109,2,1752.77,342.32
8,14-09-2025,139,7,4967.51,142.34
7,18-08-2025,125,7,3104.99,371.46
4,29-08-2025,110,7,3867.15,404.4
3,02-10-2025,111,9,874.66,206.45
1,07-09-2025,112,8,328.79,426.74
2,19-08-2025,145,1,2328.93,91.2
7,21-10-2025,150,1,3625.16,144.8
4,12-08-2025,140,3,1188.86,318.45
3,14-10-2025,111,2,5242.31,308.86
9,08-10-2025,147,8,3583.25,136.07
8,23-10-2025,129,7,2196.1,311.38
1,05-10-2025,103,6,1106.55,93.89
9,04-09-2025,127,10,5382.78,9.7
4,18-09-2025,124,2,4531.42,24.82
2,04-11-2025,144,9,4179.78,267.49
8,29-09-2025,147,1,1817.66,92.97
3,12-08-2025,116,4,2411.41,51.14
8,04-09-2025,129,4,1103.01,134.6
9,04-09-2025,140,10,3497.71,357.6
9,17-10-2025,119,8,5794.77,363.55
10,06-09-2025,149,5,5164.1,116.41
6,17-08-2025,148,1,3937.17,75.34
8,27-09-2025,129,2,4114.52,246.79
10,21-08-2025,115,5,1724.14,170.96
9,14-08-2025,135,9,2545.62,155.79
7,21-08-2025,116,10,267.31,399.73
9,08-11-2025,120,1,4714.78,498.98
8,25-09-2025,131,3,4640.3,231.84
3,02-11-2025,113,6,202.05,395.71
8,28-08-2025,124,1,5482.37,165.12
8,24-10-2025,144,4,3937.12,421.77
5,10-09-2025,137,10,3666.68,475.82
4,31-08-2025,129,3,199.51,28.02
5,02-09-2025,130,7,1626.48,387.83
9,04-09-2025,150,2,4859.75,35.69
8,01-11-2025,119,5,1936.94,235.07
4,15-09-2025,150,3,5807.09,96.1
5,08-10-2025,125,10,3910.03,420.77
8,07-09-2025,133,4,2629.27,408.63
2,04-09-2025,134,10,2352.38,414.13
5,10-10-2025,127,7,2189.95,60.98
4,28-10-2025,111,9,1624.19,384.07
5,21-08-2025,113,6,2880.18,124.48
6,24-09-2025,139,7,4111.6,385.61
6,01-10-2025,109,3,4972.22,221.48
9,29-09-2025,117,2,2473.34,368.81
2,27-09-2025,104,9,748.53,16.76
3,09-11-2025,142,6,3142.36,230.42
3,03-10-2025,131,1,4024.78,385.5
4,27-09-2025,124,2,5083.21,260.57
7,23-10-2025,136,7,2339.24,491.06
3,24-09-2025,107,4,3936.95,236.41
4,02-11-2025,146,2,3712.94,340.72
2,22-09-2025,134,6,1896.08,156.05
7,23-09-2025,108,10,782.41,161.53
7,07-10-2025,119,10,523.45,314.58
6,22-09-2025,106,10,5931.91,21.09
9,28-10-2025,149,7,3897.48,468.71
8,02-11-2025,111,6,5189.73,260.46
7,06-11-2025,118,1,1677.71,126.66
1,24-08-2025,129,5,4309.9,319.26
4,28-10-2025,133,8,5370.39,99.36
7,16-09-2025,110,8,1897.93,443.76
7,07-11-2025,128,4,1027.09,431.83
10,16-08-2025,106,6,4628.03,108.89
1,04-09-2025,115,9,5413.17,56.46
10,15-08-2025,129,7,4861.76,316.45
7,27-09-2025,123,7,4843.83,162.26
8,05-11-2025,102,3,3660.19,83.68
1,14-08-2025,127,10,4014.1,138.05
6,02-10-2025,104,7,4132.42,59.82
5,27-10-2025,126,2,4369.51,394.57
7,17-08-2025,133,10,3984.09,4.46
7,13-08-2025,124,5,5985.19,21
9,23-09-2025,116,4,1667.64,391.74
9,14-10-2025,125,2,2598.61,237.64
10,05-10-2025,106,2,2421.41,298.11
4,21-09-2025,124,5,356.62,185.7
8,11-10-2025,115,3,4292.2,44.74
4,16-10-2025,102,7,3496.45,78.85
5,08-11-2025,121,3,1261,45.7
7,07-11-2025,107,7,4400.32,309.32
8,24-08-2025,146,6,1450.82,465.42
1,31-10-2025,142,6,3277.62,498.49
7,26-10-2025,122,2,4741.65,312.57
6,08-10-2025,110,2,5453.18,29.89
7,22-10-2025,109,1,4080.43,322.29
3,30-08-2025,103,5,3117.79,350.66
8,07-10-2025,119,8,5095.7,395.73
3,13-08-2025,131,6,5067.74,62.91
10,09-11-2025,145,5,5277.49,116.34
9,10-10-2025,109,2,1209.64,490.84
1,07-09-2025,149,3,720.98,394.28
7,17-09-2025,146,2,898.47,378.35
10,24-10-2025,131,3,1663.11,402.76
10,07-11-2025,129,7,4878.81,219.36
1,31-10-2025,140,8,4613.07,96.48
2,10-09-2025,101,9,1220.95,344.62
7,20-09-2025,106,9,4126.32,179.08
3,24-08-2025,102,9,2113.45,67.37
8,14-08-2025,117,7,672.4,449.33
3,29-09-2025,114,2,2228.41,242.65
1,17-09-2025,110,1,4503.63,218.75
5,02-10-2025,136,2,1946.45,147.36
7,08-09-2025,147,6,4760.33,348.52
6,14-09-2025,139,9,2088.21,94.89
4,06-10-2025,134,2,1674.27,93.31
8,13-10-2025,128,10,1870.2,173.83
6,27-08-2025,108,10,5129.6,366.2
6,03-09-2025,150,6,2902.64,137.66
7,10-09-2025,119,7,5218.4,415.67
5,16-08-2025,116,1,3563.91,457.24
7,13-10-2025,120,5,5674.16,277.26
5,20-09-2025,108,7,566.61,34.44
2,31-08-2025,104,7,5353.14,77.51
8,03-10-2025,116,2,3077.79,147.84
1,13-09-2025,127,9,5224.86,131.67
9,16-09-2025,141,4,2382.76,183.56
1,17-08-2025,140,10,1895.38,0.36
6,28-08-2025,130,9,466.26,319.01
4,16-09-2025,105,3,5147.3,189.52
2,07-10-2025,108,7,953.59,92.77
1,12-08-2025,132,3,1321.74,9.36
1,21-10-2025,139,3,2543.77,428.41
4,04-10-2025,135,5,3481.01,388.01
4,15-09-2025,102,5,5453.73,119.39
1,15-08-2025,141,5,2826.79,360.5
10,01-09-2025,133,8,2000.84,329.14
3,14-10-2025,137,3,4336.66,269.48
4,06-10-2025,116,2,4706.81,193.75
3,18-09-2025,146,3,3002.35,262.03
8,03-11-2025,110,7,3841.54,248.77
2,30-09-2025,119,5,1184.42,275.73
10,13-09-2025,128,7,3861.82,306.52
4,12-10-2025,101,5,177.57,161.3
8,26-09-2025,140,8,1750.14,320.45
5,07-11-2025,123,2,4602.98,55.23
6,06-11-2025,116,6,1136.34,261.6
3,25-08-2025,137,5,4622.23,33.34
10,08-11-2025,127,4,3014.03,417.6
10,26-09-2025,112,8,4616.88,64.89
2,23-09-2025,143,10,665.04,436.75
3,20-09-2025,143,10,3744.71,101.04
5,20-08-2025,106,4,3855.9,242.69
2,15-10-2025,134,8,2509.85,49.38
10,26-09-2025,124,2,5797.17,285.51
1,09-10-2025,105,3,2392.4,418.15
5,11-10-2025,134,5,370.69,328.96
10,29-10-2025,135,1,1316.57,262.91
7,25-10-2025,133,7,2332.64,350.66
7,05-09-2025,133,6,232.35,127.97
4,28-09-2025,136,10,2034.95,183.18
2,29-08-2025,102,7,5024.39,302.98
10,01-10-2025,125,6,1264.87,35.44
4,25-08-2025,131,8,4108.98,465.11
2,28-09-2025,103,6,3816.12,104.37
5,19-09-2025,141,7,1605.62,245.7
10,07-10-2025,125,10,4207.12,444.88
2,08-11-2025,124,3,2164.45,39.98
10,05-11-2025,117,5,904.25,400.51
1,06-11-2025,148,6,2393.77,30.35
6,21-09-2025,102,10,3593.72,279.01
9,06-11-2025,123,4,1127.07,469.12
7,27-09-2025,105,8,4969.49,207.98
6,03-11-2025,123,6,1894.48,184.53
2,16-10-2025,116,3,1851.34,354.22
9,11-10-2025,147,7,4407.82,411.82
6,13-10-2025,143,6,3638.76,132.91
1,14-10-2025,141,5,2126.34,20.33
7,10-10-2025,107,8,5344.65,35.19
8,08-10-2025,150,10,5973.51,151.95
2,25-08-2025,138,4,2154.99,472.3
7,19-09-2025,148,6,5423.1,480.29
6,17-10-2025,149,7,2251.62,48.56
8,14-08-2025,122,5,1252.29,362.59
3,18-08-2025,109,7,5696.29,265.83
7,04-11-2025,103,6,5521.5,94.73
3,10-09-2025,123,2,2509.84,263.1
9,05-10-2025,135,10,1486.25,124.38
5,06-10-2025,122,4,4403.94,312.66
10,27-08-2025,142,10,917.55,89.45
9,30-09-2025,112,9,4444.35,374.6
8,12-08-2025,150,3,3599.7,207.59
8,25-09-2025,144,9,1138.56,52.76
7,01-10-2025,130,1,2294.56,319.31
10,04-09-2025,145,8,3955.66,178.98
5,16-09-2025,131,4,368.58,229.36
6,25-08-2025,141,8,5277.78,332.62
4,23-09-2025,112,5,1646.37,441.41
2,07-09-2025,109,2,3278.19,83.4
5,14-09-2025,105,7,434.23,90.2
8,27-09-2025,146,8,5968.88,200.78
4,03-11-2025,150,3,4022.52,168.76
8,12-08-2025,130,5,3973.37,79.09
10,13-09-2025,103,4,265.49,499.22
10,10-09-2025,119,5,4185.04,221.51
7,31-08-2025,113,3,2588.14,176.16
6,27-08-2025,103,7,2374.48,157.58
1,29-09-2025,113,7,3351.6,495.73
8,27-10-2025,103,2,2925.22,162.33
6,23-09-2025,121,8,1045.79,185.86
3,24-08-2025,120,10,4216.87,382.09
8,28-10-2025,133,8,3837.32,215.29
4,17-08-2025,126,10,1911.53,362.93
6,17-08-2025,135,7,4020.74,304.21
5,01-10-2025,131,9,4025.53,281.57
6,07-09-2025,117,9,1729.37,106.96
5,05-09-2025,103,7,3692.96,382.85
10,04-10-2025,149,9,952.41,463.07
5,15-09-2025,142,1,5009.32,127.04
9,23-08-2025,113,6,763.75,480.83
1,13-09-2025,119,9,4354.78,223.75
9,27-10-2025,123,10,838.75,198.55
4,14-10-2025,150,2,816.97,363.16
2,03-09-2025,104,2,771.64,491.48
4,08-10-2025,142,4,1312.08,297.88
7,30-10-2025,122,6,1318.53,258.8
8,30-08-2025,118,3,1688.51,496.71
9,02-10-2025,108,10,3210.4,150.92
4,30-10-2025,124,1,1329.79,150.17
8,04-11-2025,128,10,4265.1,110.94
8,28-08-2025,126,7,1877.8,427.86
8,23-10-2025,148,6,380.52,10.85
1,14-08-2025,129,7,3053.68,410.97
2,11-09-2025,125,2,1365.01,344.86
5,06-10-2025,122,1,5608.78,137.98
4,10-10-2025,112,2,2084.03,276.83
7,10-09-2025,132,5,166.02,278.16
4,06-10-2025,145,4,4079.05,462.96
5,28-10-2025,132,9,5455.25,77.36
10,22-09-2025,124,9,5036.11,18.87
6,06-11-2025,134,9,4063.78,177.83
8,17-08-2025,118,10,1022.5,69.2
9,29-08-2025,106,10,676.98,183.54
9,21-09-2025,147,4,3143.48,291.08
6,18-09-2025,128,8,4382.85,116.5
7,04-11-2025,106,6,742.55,405.54
9,22-10-2025,128,7,1646.97,45.95
6,29-09-2025,139,8,1502.29,199.9
6,21-08-2025,112,10,5933.7,458.94
8,09-09-2025,135,9,1881.73,367.13
5,02-09-2025,119,3,2866.02,361.79
5,06-11-2025,121,6,733.88,396.45
5,31-08-2025,107,1,1172.01,86.45
4,21-10-2025,106,8,380.75,412.85
2,12-08-2025,121,2,1849.82,344.8
4,09-10-2025,143,5,4839.34,288.12
6,08-11-2025,119,7,1979.34,453.83
2,08-11-2025,120,2,4470.46,297.62
9,09-10-2025,129,2,705.74,150.2
3,27-09-2025,139,3,4585.49,365.39
4,21-10-2025,146,6,418.45,288.14
4,21-09-2025,128,5,5134.19,39.24
8,20-10-2025,111,6,4030.63,27.96
5,19-10-2025,145,8,1147.5,385.45
10,22-10-2025,129,4,2241.54,173.97
9,12-09-2025,123,9,2710.63,408.57
10,12-10-2025,129,8,3787.57,208.26
5,20-08-2025,103,6,5289.08,433.92
2,01-09-2025,147,8,693.77,434.89
4,11-10-2025,123,2,4917.54,113.36
5,28-10-2025,140,8,1219.79,326.39
4,14-09-2025,128,8,2494.55,301.15
6,24-09-2025,118,6,5779.51,5.72
3,30-08-2025,141,2,1740.22,388.71
5,20-10-2025,104,5,2406.44,191.24
1,20-09-2025,105,1,5126.43,152.39
9,20-09-2025,143,2,4829.41,20.59
3,24-10-2025,141,1,3945.75,269.96
5,17-08-2025,126,6,4811.92,74.79
1,03-10-2025,124,2,811.38,251.2
1,15-10-2025,133,3,4222.59,110.4
9,09-11-2025,148,4,493.08,25.26
5,30-08-2025,144,9,5663.43,365.79
3,01-11-2025,111,3,1082.46,196.44
8,31-08-2025,102,9,2583.76,222.81
2,13-09-2025,110,3,3605.89,297.57
1,24-09-2025,139,6,4843.25,252.36
10,19-10-2025,144,9,4118.6,111.04
5,16-08-2025,129,7,1210.37,144.89
8,25-10-2025,103,8,2371.54,197.16
8,09-09-2025,109,4,2247.8,66.09
8,14-09-2025,105,7,318.57,41.27
6,18-08-2025,116,3,4154.12,285.72
3,20-09-2025,150,3,5055.44,24.66
1,24-10-2025,142,7,5844.65,199.6
5,29-10-2025,124,7,914.33,42.54
8,22-10-2025,124,1,5534.33,250.91
2,25-09-2025,125,10,810.68,386.91
2,05-09-2025,137,4,2556.01,65.19
7,05-11-2025,103,8,418.94,67.44
8,21-08-2025,139,10,1680.44,279.65
2,03-11-2025,110,7,1988.29,243.93
10,17-10-2025,144,7,4271.72,326.12
1,18-10-2025,129,1,4115.88,98.05
3,20-09-2025,124,4,4640.04,308
3,17-08-2025,124,4,3523.4,367.83
10,05-11-2025,129,5,3455.32,123.12
5,19-08-2025,149,2,5870.69,35.82
2,12-10-2025,105,10,4068.59,388.39
4,19-09-2025,137,2,2129.06,161.71
2,01-09-2025,109,9,3210.15,462.07
9,04-11-2025,134,3,4248.39,44.8
7,02-10-2025,124,6,707.17,335.87
10,23-09-2025,126,6,4021.02,211.77
10,13-08-2025,121,4,1604.18,174.15
10,02-11-2025,142,8,2172.63,160.37
4,03-09-2025,118,2,4106.33,296.94
9,20-08-2025,116,5,2401.53,12.1
7,29-10-2025,108,8,5058.34,152.41
8,14-08-2025,102,9,3416.31,493.83
8,29-10-2025,148,6,5928.58,308.11
5,21-09-2025,112,10,469.21,495.08
10,07-11-2025,132,7,3913.88,221.11
7,31-08-2025,134,10,1068.03,72.91
5,25-10-2025,125,7,5115.75,22.44
10,23-09-2025,136,10,5133.45,409.09
10,08-09-2025,108,2,5236.08,99.84
1,08-10-2025,117,6,587.96,186.91
10,31-08-2025,150,6,3026.14,378.87
2,12-08-2025,117,8,1559.22,426.38
4,07-09-2025,146,10,5825.35,56.19
4,02-09-2025,129,3,444.55,27.27
5,12-09-2025,114,5,1452.83,474.47
2,12-09-2025,140,10,3913.41,463.36
3,07-09-2025,119,10,2509.17,434.38
4,31-08-2025,145,2,1524.75,410.07
3,30-09-2025,132,3,2835.7,6.87
9,14-10-2025,113,6,4837.38,346.9
2,02-11-2025,108,2,2771.38,55.64
3,04-09-2025,109,4,5161.05,225.03
1,27-10-2025,105,5,2765.35,11.37
7,23-09-2025,129,2,844.44,104.5
8,23-10-2025,112,3,3059.63,269
10,18-10-2025,146,6,3972.23,101.9
8,01-11-2025,129,3,750.46,261.63
5,14-08-2025,106,9,2562.18,129.33
1,05-10-2025,144,7,3409.22,241.51
4,29-09-2025,121,7,150.99,364.96
5,13-10-2025,143,10,681.74,70.67
5,31-08-2025,123,3,3684.59,349.38
8,04-09-2025,146,10,3771.54,9.19
2,27-08-2025,105,7,1931.9,291.5
4,14-08-2025,136,7,3123.78,331.76
5,06-11-2025,135,3,1360.08,21.74
10,03-10-2025,119,8,4078.13,85.16
4,02-10-2025,120,9,5709.58,142.01
7,18-08-2025,111,3,2275.55,394.59
2,05-11-2025,146,9,467.51,308.98
9,03-11-2025,146,3,1454.07,26.54
4,28-10-2025,145,8,2808.59,327.38
3,28-10-2025,141,5,3426.88,4.17
5,08-10-2025,112,3,3775.58,194.32
3,19-09-2025,124,3,2917.83,135.66
2,13-09-2025,133,6,3994.43,426.04
1,07-09-2025,115,8,4338.09,330.05
3,07-09-2025,108,10,817.04,432.14
5,02-10-2025,113,1,4592.02,9.54
10,23-10-2025,109,6,1447.22,433.71
10,17-10-2025,116,1,2146.94,324.71
5,17-10-2025,132,8,5004.82,115.58
8,10-09-2025,102,3,5791.94,190.35
2,29-10-2025,124,4,1858.1,488.31
8,07-10-2025,136,7,3203.61,49.8
5,28-09-2025,137,9,4257.26,157.73
7,13-08-2025,124,9,417.8,433.39
5,15-09-2025,130,8,1110.31,265.78
9,12-08-2025,136,7,971.63,93.21
9,27-10-2025,109,8,4343.61,250.33
8,13-10-2025,140,7,4371.12,228.99
8,13-10-2025,106,8,775.72,463.17
2,05-10-2025,105,8,3723.48,10.74
10,17-10-2025,120,3,1247.13,123.7
1,20-10-2025,126,2,5591.77,264.71
7,12-10-2025,146,10,2448.44,166.78
6,01-11-2025,147,1,2823.72,196.7
10,26-09-2025,131,4,4721.31,78.5
5,23-10-2025,134,5,4343.21,173.39
1,05-10-2025,127,1,780.43,175.96
2,22-10-2025,150,5,2574.65,312.62
4,01-11-2025,127,4,5570.77,118.1
10,24-10-2025,137,9,5049.18,489.12
10,17-10-2025,105,5,3594.54,250.63
1,18-10-2025,109,3,4667.05,405.95
5,24-10-2025,121,8,2785.45,312.9
10,02-10-2025,142,10,4001.97,439.34
1,25-10-2025,105,8,5743.71,445.2
3,17-09-2025,129,9,937.62,407.43
8,12-09-2025,130,9,3068.15,14.73
9,04-09-2025,144,2,3252.63,277.47
8,10-10-2025,134,10,434.14,140.1
5,04-10-2025,123,2,5621.55,75.85
3,26-08-2025,109,5,5057.07,448.59
10,29-10-2025,150,9,2975.15,328.47
7,13-10-2025,136,6,3123.75,43.9
8,21-08-2025,141,9,5538.8,191.1
2,15-10-2025,138,1,1186.63,480.3
8,12-10-2025,112,8,3534.54,306.22
6,23-10-2025,150,9,4423.39,312.76
7,29-09-2025,109,4,901.03,113.71
6,24-10-2025,128,7,2416.32,120.18
6,24-08-2025,133,2,3663.19,76.37
2,08-09-2025,104,4,5313.77,485.27
3,23-08-2025,108,5,3099.04,454.87
6,13-08-2025,134,1,2400.28,164.64
7,27-10-2025,110,8,5880.08,271.12
8,20-08-2025,120,5,5508.07,103.38
5,24-10-2025,111,6,4609.89,69.29
7,02-09-2025,111,2,1750.54,270.68
9,17-09-2025,121,8,5787.02,400.05
1,26-09-2025,146,2,5827.38,431.29
8,23-08-2025,115,4,2799.15,154.5
2,25-09-2025,123,4,930.23,352.57
6,03-09-2025,134,10,2564.56,261.9
5,14-09-2025,119,6,4245.08,67.63
6,13-08-2025,106,10,4528.3,497.84
2,03-11-2025,117,7,1898.64,487.89
7,04-11-2025,113,3,4253.74,72.58
9,20-10-2025,141,10,5185.14,466.51
1,19-08-2025,136,3,4314.46,458.56
9,01-09-2025,118,4,5622.75,158.75
8,18-10-2025,109,4,3850.61,278.67
7,22-08-2025,141,1,1325.2,474.3
1,04-10-2025,120,10,3801.38,59.19
4,06-09-2025,140,6,1849.89,158.8
9,09-09-2025,135,9,2169.97,439.82
6,12-10-2025,106,5,4083.39,363.54
10,08-11-2025,133,10,5890.81,382.72
8,22-08-2025,142,9,3953.01,440.07
8,16-09-2025,111,3,5756.21,207.02
1,31-10-2025,138,6,3097.78,205.63
4,02-10-2025,138,5,4211.73,221.5
5,07-10-2025,110,5,2035.93,466.88
9,29-10-2025,111,10,825.12,447.07
3,26-08-2025,143,5,2210.59,466.63
5,03-10-2025,140,9,2960.16,136.9
8,24-08-2025,147,2,3488.23,389.55
8,22-10-2025,139,3,4052.87,53.39
2,11-10-2025,122,7,2592.25,92.37
1,31-10-2025,137,1,4525.03,381.22
10,18-08-2025,103,5,5072.13,305.99
4,31-08-2025,102,3,1822.68,133.43
3,20-09-2025,106,3,5106.71,283.52
5,17-10-2025,103,4,4878.58,115.46
9,19-09-2025,142,3,3207.97,116.09
1,19-09-2025,150,6,297.84,343.69
9,11-09-2025,137,4,1000.16,179.63
7,22-08-2025,117,7,4070.99,344.07
2,16-08-2025,142,8,1319.43,238.3
4,23-10-2025,114,3,4538.58,251.16
2,16-08-2025,150,10,1091.47,302.36
8,05-10-2025,137,5,1826.7,356.01
2,21-08-2025,127,7,1615.78,186.98
3,14-09-2025,140,7,5060.38,426.06
8,23-10-2025,141,8,4189.98,245.72
5,30-08-2025,102,2,1876.57,68.76
9,19-08-2025,132,2,4558.52,96.63
5,18-08-2025,141,7,338.99,16.11
7,05-11-2025,135,9,4912.05,382.27
8,29-09-2025,119,5,749.51,7.51
8,30-10-2025,142,6,5228.01,134.93
4,09-09-2025,120,8,4476.03,206.52
8,19-08-2025,131,8,5209.32,371.18
9,26-10-2025,116,6,4493.11,494.12
3,07-11-2025,144,10,3433.43,378.89
7,31-10-2025,126,1,1539.93,33.07
4,03-11-2025,120,2,4738.2,463.55
10,28-10-2025,130,8,4823.11,492.81
9,24-09-2025,105,6,1832.69,433.56
3,26-10-2025,145,2,4037.29,244.97
2,24-10-2025,104,9,5569.94,162.45
5,01-09-2025,111,7,2417.19,228.77
7,13-08-2025,129,4,5746.71,123.39
6,22-09-2025,127,7,5858.56,202.43
9,20-08-2025,131,4,1979.03,20.91
5,20-08-2025,130,8,3379.93,367.67
1,22-10-2025,114,5,225.85,190.19
5,27-10-2025,122,6,1620.35,156.45
5,17-10-2025,139,5,3780.29,305.75
10,23-09-2025,110,6,4718.41,371.23
10,01-10-2025,121,9,5240.19,296.9
8,15-08-2025,146,10,5005.4,262.62
3,18-08-2025,121,3,5482.2,437.89
8,25-10-2025,147,10,4272.08,393.46
9,10-09-2025,123,8,3938.65,260.32
8,20-10-2025,126,6,4567.38,225.8
6,27-10-2025,109,1,3347.7,413.51
6,02-10-2025,149,1,3679.81,21.21
9,25-08-2025,124,2,4690.46,497.92
9,02-10-2025,133,8,5791.1,259.35
7,19-08-2025,136,1,1870.94,197.81
8,21-09-2025,107,2,1187.94,367.59
6,05-09-2025,121,3,4143.55,278.85
4,16-10-2025,116,8,1243.81,258.06
4,11-09-2025,130,8,1166.7,315.32
10,19-08-2025,108,1,3156,24.65
7,21-09-2025,118,7,2356.61,145.59
4,13-08-2025,129,4,2656.77,199.02
7,19-10-2025,116,3,3406.1,152.28
1,26-09-2025,110,5,910.89,413.81
6,20-09-2025,107,3,3566.32,230.67
8,20-10-2025,104,5,1641.84,211.23
7,11-09-2025,119,2,2083.79,306.57
7,15-09-2025,125,6,4301.68,27.27
3,18-09-2025,140,5,1055.61,258.48
8,05-11-2025,127,2,1049.16,71.12
1,04-09-2025,116,6,2037.39,414.95
3,10-10-2025,111,3,447.5,225.85
9,03-11-2025,121,1,5604.43,361.32
10,30-10-2025,137,7,3751.31,56.59
6,03-11-2025,147,5,4022.06,389.37
2,15-08-2025,121,4,3019.72,468.92
8,14-10-2025,113,7,3500.16,348.06
2,08-11-2025,149,2,2244.8,67.65
9,14-10-2025,111,2,4736.58,206.78
8,11-10-2025,132,1,2009.48,225.44
1,25-08-2025,133,4,1436.78,89.44
3,15-10-2025,130,8,1225.63,295.16
7,16-08-2025,132,2,548.83,356.32
3,08-09-2025,120,3,3105.07,100.97
2,02-09-2025,132,10,2583.2,227.34
8,07-11-2025,102,4,3291.66,125.04
5,08-10-2025,106,9,687.88,345.86
6,06-09-2025,126,8,1444.01,453.58
10,14-08-2025,133,1,1398.12,398.24
7,03-10-2025,130,1,2091.52,359.19
2,12-09-2025,116,6,2260.67,61.77
6,13-10-2025,114,2,1427.9,57.08
9,01-09-2025,138,7,4553.04,224.7
7,19-09-2025,123,3,3253.42,181.47
6,21-08-2025,104,8,5980.29,261.91
8,10-10-2025,104,2,4968.58,192.04
9,18-10-2025,119,4,5889.63,395.53
1,19-08-2025,132,7,201.5,255.83
10,14-10-2025,139,2,4063.29,474.88
2,08-09-2025,142,2,2757.15,189.34
4,14-10-2025,144,2,5441.3,190.3
5,31-08-2025,131,6,3740.15,384.13
4,14-10-2025,119,6,3783.62,456.13
2,04-09-2025,135,5,5759.55,282.75
7,20-08-2025,101,3,4142.93,329.77
2,30-09-2025,107,7,2027.48,75.04
2,30-09-2025,128,3,5508.2,434.41
8,31-08-2025,109,3,5678.18,89.43
3,14-08-2025,117,2,2407.37,356.02
5,29-10-2025,147,9,3310.39,209.79
1,01-10-2025,124,10,1804.55,154.76
1,09-10-2025,149,1,5481.32,384.32
6,04-11-2025,126,10,4959.34,223.13
1,03-11-2025,124,3,2343.5,313.23
5,23-08-2025,103,8,4846.48,58.78
6,29-09-2025,126,6,2756.51,65.79
6,22-10-2025,104,4,406.53,101.43
7,29-08-2025,137,3,5404.95,311.28
3,21-08-2025,136,7,1276.2,126.56
4,26-09-2025,113,10,3156.28,229.32
9,17-09-2025,124,8,5697.04,427.71
7,22-10-2025,136,4,1129.26,271.75
10,14-09-2025,119,2,5744.22,2.88
3,13-10-2025,105,2,3297.15,441.35
3,22-10-2025,125,3,192.88,118.94
3,22-08-2025,133,2,533.01,294.43
2,13-08-2025,129,10,4071.46,237.86
10,24-10-2025,149,7,4675.46,205.08
7,18-09-2025,136,6,5209.96,39.7
10,28-08-2025,118,7,2631.63,300.05
4,05-09-2025,140,6,757.97,122.36
8,15-08-2025,144,3,3295.86,273.67
10,16-09-2025,140,4,4261.05,309.88
3,04-10-2025,108,5,5860.91,278.77
4,15-09-2025,109,2,4684.96,412.63
8,10-09-2025,107,4,3932.38,24.46
5,08-09-2025,126,9,5647.54,74.13
8,14-10-2025,124,10,4519.31,326.64
5,18-08-2025,122,10,1049.46,18.36
1,22-08-2025,136,10,2836.47,426.91
8,26-09-2025,124,5,2090.53,333.5
5,20-10-2025,149,1,662,419.01
9,07-11-2025,110,5,467.47,149.22
3,10-10-2025,113,4,4796.16,460.19
2,01-11-2025,139,9,3414.79,24.52
8,09-09-2025,133,10,3513.53,208.48
6,12-09-2025,126,9,1481.73,89.12
10,27-10-2025,133,4,1663.09,336.05
5,29-08-2025,103,7,2419.99,305.54
7,14-10-2025,103,5,3836.77,345.76
5,26-08-2025,103,1,2683.2,297.48
8,11-10-2025,109,4,248.81,393.65
5,13-08-2025,146,8,4088.8,88.71
4,28-09-2025,122,7,3278.78,227.67
7,18-08-2025,131,2,3902.32,289.48
8,29-09-2025,134,4,3767.34,465.74
2,04-11-2025,130,8,4572.37,46.56
4,30-08-2025,110,10,3575.81,149.65
7,17-09-2025,139,2,4250.16,184.28
10,24-10-2025,133,9,574.65,189.47
6,10-10-2025,109,1,5579.08,33.83
10,16-10-2025,121,6,770.89,213.66
5,20-09-2025,140,6,4753.32,275.24
5,03-09-2025,121,3,1912.9,146.42
1,23-09-2025,111,7,656.06,67.27
7,02-09-2025,126,10,4626.85,347.31
5,28-10-2025,140,7,2710.41,137.21
1,01-10-2025,148,6,2461.41,263.53
10,10-09-2025,120,9,4015.23,262.32
1,03-09-2025,138,3,2922.83,347.91
10,22-08-2025,122,8,3270.79,306.03
8,06-09-2025,133,2,947.83,54.65
5,29-09-2025,133,1,2437.31,364.86
4,22-08-2025,135,10,4815.28,314.49
10,23-09-2025,132,2,3342.49,493.59
6,13-09-2025,146,1,5766.79,241.83
4,20-08-2025,137,5,992.84,344.33
4,24-10-2025,120,4,4112.14,466.95
10,06-10-2025,131,1,5497.89,493.14
5,08-09-2025,102,1,4800.85,143.59
3,31-10-2025,124,7,4416.55,304.42
2,20-10-2025,122,9,2332.81,158.24
1,28-10-2025,144,5,5704.37,262.7
5,17-09-2025,108,9,3388.12,497.51
8,20-08-2025,127,7,3397.16,176.93
1,21-09-2025,138,7,870.93,64.86
10,06-10-2025,120,7,179.42,281.32
6,09-09-2025,147,2,3640.43,259.85
3,30-08-2025,145,9,3292.34,315.93
2,09-10-2025,141,9,5689.83,246.25
5,25-09-2025,102,10,1932.44,89.95
6,25-08-2025,139,3,4527.54,304.7
7,16-09-2025,131,5,5435.75,354.29
3,11-09-2025,117,2,2161.53,489.63
4,17-08-2025,142,5,2564.03,0.79
3,25-09-2025,150,2,3928.7,11.99
9,24-09-2025,138,9,3148.43,312.73
6,13-09-2025,137,4,1091.58,58.96
9,26-09-2025,115,3,1441.61,424.03
9,09-10-2025,147,9,5033.28,399.78
5,11-09-2025,104,6,1286.81,499.49
3,30-08-2025,138,7,1210.94,207.02
5,21-08-2025,131,10,4828.01,166.9
8,22-08-2025,111,2,5135.67,280.21
5,15-08-2025,134,5,5130.62,318.75
6,03-11-2025,141,7,5604.36,5.65
2,10-10-2025,147,4,5966.73,100.59
8,08-10-2025,140,1,2848.4,140.81
2,25-09-2025,150,4,3365.54,395.1
3,28-09-2025,125,2,1850.32,153.89
4,08-09-2025,110,7,544.07,253.34
7,24-10-2025,144,2,724.48,161.96
9,21-10-2025,116,8,4394.7,3.07
6,10-10-2025,103,10,3000.06,342.92
2,21-08-2025,137,10,2085.48,170.68
7,19-09-2025,145,1,900.06,362.2
1,29-08-2025,108,5,3984.52,308
5,21-10-2025,113,3,735.26,14.56
9,17-09-2025,102,2,3774.17,87.81
2,14-09-2025,129,1,5415.69,165.26
8,27-09-2025,121,3,2009.05,168.97
6,02-11-2025,127,1,2786.28,336.24
5,30-08-2025,110,3,3755.6,458.08
10,29-10-2025,127,8,1938.2,398.63
7,22-08-2025,145,6,3567.39,322.83
6,15-10-2025,114,9,3458.48,240.75
2,30-08-2025,127,9,2282.29,313.6
4,07-09-2025,133,5,2000.55,446.03
8,29-09-2025,150,3,2655.6,268.48
1,02-11-2025,140,6,178.27,167.55
10,11-10-2025,131,3,1590.12,391.99
9,31-08-2025,148,5,1445.93,206.98
6,17-10-2025,147,2,4477.92,371.29
10,07-11-2025,104,1,2701.33,417.55
4,24-08-2025,146,6,5064.64,149.67
2,17-09-2025,109,7,935.69,362.48
8,22-09-2025,134,5,4437.89,157.75
5,18-08-2025,114,9,5285.63,267.94
7,28-10-2025,136,2,2857.66,104.13
2,28-08-2025,121,5,2248.64,342.75
3,04-11-2025,143,10,1937.01,399.77
1,03-11-2025,131,2,3377.28,444.01
1,05-10-2025,134,8,1178.26,176.8
5,02-11-2025,125,8,3698.77,484.81
8,29-08-2025,121,9,5074.49,140.23
2,14-09-2025,112,6,5173.47,15.59
2,03-10-2025,130,1,969.01,491.81
4,29-08-2025,135,8,3300.92,313.26
9,18-09-2025,122,10,1689.92,421.2
3,22-10-2025,135,3,5335.06,285.49
7,15-08-2025,123,6,597.3,194.78
8,15-10-2025,144,3,591.09,297.6
6,19-08-2025,150,5,258.99,432.3
9,13-08-2025,147,2,3116.99,375.77
7,17-09-2025,144,10,332.49,352.63
10,19-10-2025,142,2,3554.06,157.25
3,12-10-2025,145,4,2520.04,15.81
7,17-09-2025,117,9,3601.71,206.93
2,28-08-2025,140,1,5451.88,248.53
8,20-10-2025,131,1,3376.82,118.82
10,21-09-2025,113,1,3329.3,225.95
7,20-10-2025,116,4,5992.56,475.36
5,28-09-2025,118,1,2911.81,108.07
1,29-09-2025,136,8,4684.9,151.16
6,05-11-2025,120,6,2290.04,56.12
4,24-10-2025,115,7,1456.34,392.47
8,04-09-2025,120,3,4667.05,388.9
8,29-08-2025,150,3,4439.38,456.68
4,03-09-2025,119,1,1852.35,221.89
6,30-10-2025,146,9,2868.5,12.47
2,18-10-2025,114,7,3135.91,241.33
6,27-10-2025,145,4,2471.19,250.03
9,27-09-2025,146,6,3087.68,95.11
6,12-08-2025,132,4,4026.67,461.82
1,06-10-2025,121,7,5110.69,366.22
7,27-10-2025,131,6,4868.26,261.81
5,14-08-2025,123,5,3742.11,387.77
4,30-08-2025,136,2,1120.18,71.65
2,02-11-2025,147,10,3157.7,435.9
8,29-09-2025,118,6,2760.39,411.07
2,18-08-2025,119,2,1198,469.01
4,12-09-2025,108,9,5699.96,338.36
10,19-10-2025,137,1,4007.57,66.36
1,11-10-2025,144,3,5811.25,362.29
1,05-10-2025,135,4,4455.13,229.68
6,14-08-2025,125,9,2978.49,356.84
4,16-10-2025,126,1,2248.95,261.17
3,01-10-2025,123,7,1430.09,2.05
10,08-10-2025,150,2,3002.71,466.17
4,20-10-2025,110,8,517.74,343.53
2,27-09-2025,119,5,2311.2,297.14
9,08-10-2025,103,5,400.43,43.54
4,21-08-2025,119,6,1359.63,233.44
10,25-09-2025,146,2,5460.2,23.07
4,05-10-2025,106,9,2263.32,260.29
4,10-09-2025,123,8,2897.59,329.49
6,02-11-2025,129,1,2809.66,156.24
3,14-10-2025,142,6,421.66,288.78
10,28-09-2025,117,4,5886.45,156.07
1,22-08-2025,148,5,2045.82,446.07
5,17-09-2025,131,10,4266.86,160.44
3,07-11-2025,114,5,3200.03,96.27
3,05-11-2025,113,10,5003.44,138.32
9,23-09-2025,135,4,5034,159.57
5,18-10-2025,118,8,1690.4,220.56
3,19-08-2025,136,6,3334.45,58.83
2,06-10-2025,145,10,1167.02,74.66
1,12-09-2025,118,8,3974,136.82
3,09-09-2025,109,4,2286.99,7.63
1,30-09-2025,107,9,3972.02,311.47
6,05-10-2025,140,4,5037.49,257.03
4,27-09-2025,148,3,3172.48,103.29
10,30-09-2025,138,1,2351.52,175.16
6,01-10-2025,116,7,5457.37,159.24
1,14-09-2025,116,1,3170.77,70.78
3,04-11-2025,104,4,2214.45,352.18
5,25-09-2025,143,9,5226.16,141.63
1,28-08-2025,134,6,2998.14,122.41
3,26-08-2025,115,1,2970.34,35.62
7,18-09-2025,141,6,3684.63,306.63
9,11-10-2025,115,1,3085.75,169.37
2,06-11-2025,104,7,962.96,221.82
2,19-08-2025,107,5,1118.79,65.04
8,16-10-2025,127,2,600.97,235.37
8,22-08-2025,122,4,3914.34,337.75
6,06-10-2025,146,9,1387.38,52.96
9,30-08-2025,131,4,1243.4,26.9
10,25-08-2025,107,7,2269,213.23
2,31-10-2025,144,8,4346.22,89.49
8,23-09-2025,150,1,842.23,298.06
9,13-09-2025,109,3,1497.53,296.38
4,16-09-2025,101,5,4895.36,418.09
10,19-09-2025,136,2,4363.5,349.68
1,12-08-2025,111,1,2966.87,308.16
9,03-09-2025,127,4,2951.07,156.22
5,16-08-2025,142,9,1382.62,408.72
8,14-08-2025,131,7,1093.29,356.45
1,16-09-2025,131,6,5025.19,335.44
1,28-10-2025,142,8,281.31,266.74
8,24-09-2025,113,2,402.39,486.84
7,26-08-2025,149,10,3504.9,377.87
7,23-08-2025,119,2,1092.61,232.85
2,22-10-2025,121,9,3832.81,65.9
8,28-09-2025,119,3,379.27,406.43
8,03-11-2025,142,7,3497.78,459.84
2,25-08-2025,104,2,477.09,234.14
2,29-09-2025,150,10,1660.82,227.79
6,25-10-2025,106,10,1203.22,342.24
10,25-09-2025,142,1,5755.69,355.11
3,02-11-2025,137,7,3656.24,232.7
2,29-10-2025,115,3,3447.09,115.85
3,01-10-2025,135,4,258.93,111.9
5,04-11-2025,148,5,4359.35,430.55
10,31-08-2025,147,5,4021.21,308.47
10,26-09-2025,103,6,1808.21,456.43
9,22-10-2025,112,7,651.63,196.04
6,20-09-2025,127,6,2777.84,349.81
7,25-10-2025,112,6,5957.74,332.59
10,31-10-2025,103,8,5223.72,394.39
9,02-10-2025,126,5,1147.82,441.2
5,20-08-2025,132,4,5007.63,226.64
8,08-10-2025,112,2,3664.91,15.13
9,23-09-2025,148,4,4798.5,237.67
10,21-10-2025,119,3,4949.65,175.72
7,28-09-2025,103,10,1214.02,230.62
2,17-10-2025,101,2,4008.95,85.4
2,21-08-2025,120,3,1697.45,383.97
9,18-10-2025,137,2,4386.49,302.22
4,12-08-2025,139,3,2154.63,63.7
7,07-11-2025,107,8,2802.8,51.47
8,20-10-2025,122,8,3604.99,408.78
4,16-09-2025,119,6,1494.41,398.38
7,01-10-2025,130,7,2404.95,162.93
6,14-10-2025,142,2,785.14,324.73
8,15-09-2025,135,9,1333.74,396.22
7,17-09-2025,134,6,5178.61,266.37
7,29-08-2025,132,4,3100.5,200.41
2,09-09-2025,109,8,2605.8,206.72
6,14-10-2025,133,5,1024.93,310.44
7,06-09-2025,130,8,713.35,273.97
6,03-11-2025,118,5,2933.83,486.95
5,13-10-2025,113,2,3746.28,191.91
6,24-10-2025,108,2,378.36,170.36
3,30-08-2025,122,3,4735.63,406.96
8,22-09-2025,111,5,3094.48,295.49
2,17-08-2025,147,10,837.47,392.16
2,06-11-2025,130,1,2971.11,217.68
2,15-09-2025,142,4,912.42,393.66
2,08-09-2025,117,6,3680.33,272.26
7,16-09-2025,146,3,4991,118.08
2,28-08-2025,112,2,5397.27,331.31
6,12-08-2025,101,4,4682.99,38.95
3,22-09-2025,148,6,3948.01,465.43
9,16-08-2025,122,7,3203.96,287.09
1,15-10-2025,119,9,2316.71,243.32
10,12-09-2025,137,1,404.11,296.08
9,06-10-2025,144,5,3249.43,231.45
9,03-09-2025,149,5,1492.49,277.54
6,23-09-2025,113,3,4843.46,411.01
2,03-10-2025,112,1,4768.9,88.09
7,23-10-2025,140,7,2380.23,477.94
6,30-08-2025,141,8,3595.93,34.8
7,28-10-2025,126,9,4487.16,54.37
1,16-08-2025,128,9,4605,407.03
5,21-09-2025,133,4,4225.74,385.67
10,20-09-2025,121,2,721.64,189.46
5,11-09-2025,106,8,933.22,247.15
6,11-10-2025,126,2,2941.28,330.08
2,01-09-2025,143,3,1510.2,45.27
10,01-09-2025,107,2,5175.46,408.52
